alpha_deg,cl,cd,cdp,cm,xtr_top,xtr_bot
-6.00000,-0.48290,0.01740,0.00960,-0.05920,0.79640,0.08820
-5.50000,-0.43180,0.01692,0.00897,-0.05820,0.78300,0.09560
-5.00000,-0.38120,0.01633,0.00834,-0.05720,0.76970,0.10440
-4.50000,-0.33010,0.01582,0.00780,-0.05620,0.75690,0.11490
-4.00000,-0.27850,0.01532,0.00731,-0.05530,0.74370,0.12740
-3.50000,-0.22620,0.01480,0.00680,-0.05450,0.73030,0.14220
-3.00000,-0.17430,0.01420,0.00628,-0.05360,0.71720,0.16060
-2.50000,-0.12160,0.01368,0.00584,-0.05280,0.70380,0.18270
-2.00000,-0.06820,0.01326,0.00542,-0.05210,0.69010,0.20910
-1.50000,-0.01540,0.01281,0.00505,-0.05130,0.67610,0.24130
-1.00000,0.03740,0.01242,0.00475,-0.05050,0.66040,0.27990
-0.50000,0.08990,0.01206,0.00452,-0.04980,0.64450,0.32820
0.00000,0.14030,0.01158,0.00431,-0.04870,0.62900,0.39930
0.50000,0.18330,0.01072,0.00415,-0.04610,0.61480,0.58270
1.00000,0.22330,0.01040,0.00461,-0.04130,0.60130,0.85050
1.50000,0.27560,0.01078,0.00500,-0.03910,0.58700,0.89730
2.00000,0.33260,0.01128,0.00540,-0.03810,0.57380,0.92640
2.50000,0.40500,0.01183,0.00578,-0.04040,0.56100,0.94620
3.00000,0.50720,0.01231,0.00612,-0.04950,0.54700,0.95790
3.50000,0.59360,0.01261,0.00633,-0.05560,0.53400,0.96950
4.00000,0.68330,0.01289,0.00647,-0.06260,0.52150,0.98210
4.50000,0.77470,0.01299,0.00650,-0.07030,0.50840,0.99350
5.00000,0.85530,0.01304,0.00653,-0.07590,0.49580,1.00010
5.50000,0.90430,0.01330,0.00669,-0.07490,0.48480,1.00010
6.00000,0.95150,0.01347,0.00691,-0.07350,0.47310,1.00010
6.50000,0.99830,0.01375,0.00717,-0.07220,0.46180,1.00010
7.00000,1.04380,0.01400,0.00739,-0.07050,0.44990,1.00010
7.50000,1.08670,0.01426,0.00773,-0.06850,0.43750,1.00010
8.00000,1.12820,0.01459,0.00804,-0.06610,0.42520,1.00010
