V_mps\throttle,0.00,0.05,0.10,0.15,0.20,0.25,0.30,0.35,0.40,0.45,0.50,0.55,0.60,0.65,0.70,0.75,0.80,0.85,0.90,0.95,1.00
0.000,0.000,472.983,965.102,1453.603,1939.421,2421.261,2899.800,3374.345,3845.149,4311.724,4773.996,5231.621,5684.191,6131.685,6573.408,7009.574,7439.084,7862.330,8278.312,8686.938,9088.160
1.000,0.000,473.389,965.330,1453.645,1939.253,2420.917,2899.259,3373.674,3844.301,4310.614,4772.624,5230.044,5682.454,6129.786,6571.340,7007.331,7436.420,7859.135,8274.928,8683.650,9084.985
2.000,0.000,474.899,966.700,1454.715,1939.983,2421.373,2899.478,3373.608,3844.030,4310.208,4772.077,5229.319,5681.535,6128.602,6569.767,7005.396,7434.493,7857.305,8272.848,8681.004,9081.825
3.000,0.000,476.574,969.370,1457.083,1942.022,2423.009,2900.827,3374.661,3844.785,4310.692,4772.267,5229.142,5681.195,6128.093,6568.984,7004.355,7433.250,7855.842,8271.150,8679.048,9079.632
4.000,0.000,478.261,972.756,1460.832,1945.416,2426.074,2903.438,3376.904,3846.696,4312.268,4773.535,5230.174,5681.870,6128.455,6569.259,7004.215,7432.933,7855.333,8270.429,8678.092,9078.459
5.000,0.000,479.960,976.167,1465.895,1950.267,2430.496,2907.528,3380.601,3850.012,4315.179,4776.071,5232.508,5683.865,6130.136,6570.639,7005.701,7433.889,7855.844,8270.754,8678.163,9078.303
6.000,0.000,481.671,979.601,1471.269,1956.663,2436.425,2913.026,3385.760,3854.730,4319.558,4780.149,5236.133,5687.168,6133.181,6573.131,7007.794,7435.858,7857.749,8272.383,8679.860,9079.948
7.000,0.000,483.394,983.059,1476.687,1964.140,2443.975,2920.094,3392.363,3860.960,4325.451,4785.754,5241.382,5692.103,6137.481,6577.520,7011.666,7439.406,7860.934,8275.458,8682.293,9082.102
8.000,0.000,485.130,986.541,1482.151,1971.719,2453.006,2928.838,3400.572,3868.838,4332.894,4792.735,5248.107,5698.517,6143.924,6583.360,7017.316,7444.788,7865.797,8279.996,8686.957,9086.479
9.000,0.000,486.877,990.047,1487.660,1979.367,2462.641,2939.146,3410.449,3878.256,4341.881,4801.517,5256.207,5706.396,6151.292,6590.643,7024.287,7451.613,7872.574,8286.300,8692.375,9091.772
10.000,0.000,488.638,993.579,1493.216,1987.084,2472.357,2950.759,3421.953,3889.328,4352.530,4811.587,5266.389,5715.978,6160.677,6599.644,7033.049,7459.884,7880.535,8294.327,8700.383,9099.117
11.000,0.000,490.411,997.134,0.000,1994.871,2482.155,2962.660,3435.062,3902.060,4364.871,4823.520,5277.708,5727.297,6171.638,6610.273,7043.555,7469.978,7890.378,8303.832,8710.022,9108.704
12.000,0.000,492.196,0.000,0.000,0.000,2492.036,2974.664,3449.074,3916.462,4378.885,4837.215,5290.930,5740.089,6184.159,6622.688,7055.305,7481.946,7902.092,8315.149,8720.998,9119.785
13.000,0.000,493.995,0.000,0.000,0.000,0.000,2986.775,3463.202,3932.485,4394.560,4852.608,5306.006,5754.656,6198.516,6636.657,7069.324,7495.463,7915.626,8328.368,8733.921,9132.451
14.000,0.000,495.807,0.000,0.000,0.000,0.000,0.000,3477.449,3948.835,4412.025,4869.626,5322.702,5771.077,6214.443,6652.580,7084.852,7510.806,7930.667,8343.467,8748.733,9146.999
15.000,0.000,497.632,0.000,0.000,0.000,0.000,0.000,3491.815,3965.325,4430.620,4888.563,5341.201,5789.326,6232.243,6669.934,7102.307,7527.966,7947.539,8360.080,8765.536,9163.487
16.000,0.000,499.470,0.000,0.000,0.000,0.000,0.000,0.000,3981.956,4449.407,4909.019,5361.447,5809.365,6252.132,6689.322,7121.198,7546.914,7966.219,8378.592,8784.096,9181.948
17.000,0.000,0.000,0.000,0.000,0.000,0.000,0.000,0.000,0.000,4468.359,4930.228,5383.526,5831.053,6273.607,6710.834,7142.307,7567.715,7986.876,8398.893,8804.007,9202.220
18.000,0.000,0.000,0.000,0.000,0.000,0.000,0.000,0.000,0.000,4487.480,4951.628,5406.849,5854.648,6296.823,6733.760,7165.340,7590.531,8009.684,8421.433,8826.354,9223.955
19.000,0.000,0.000,0.000,0.000,0.000,0.000,0.000,0.000,0.000,0.000,4973.221,5430.512,5879.923,6322.113,6758.943,7189.794,7615.249,8034.255,8445.951,8850.832,9248.262
20.000,0.000,0.000,0.000,0.000,0.000,0.000,0.000,0.000,0.000,0.000,0.000,5454.366,5905.936,6349.082,6785.786,7216.654,7641.523,8060.690,8472.579,8877.150,9274.626
21.000,0.000,0.000,0.000,0.000,0.000,0.000,0.000,0.000,0.000,0.000,0.000,5478.414,5932.161,6377.445,6814.231,7245.561,7669.823,8089.002,8500.972,8905.950,9302.837
22.000,0.000,0.000,0.000,0.000,0.000,0.000,0.000,0.000,0.000,0.000,0.000,0.000,5958.599,6406.256,6844.945,7275.878,7700.682,8119.112,8531.313,8936.420,9333.651
23.000,0.000,0.000,0.000,0.000,0.000,0.000,0.000,0.000,0.000,0.000,0.000,0.000,5985.254,6435.332,6876.495,7308.100,7733.126,8151.582,8563.439,8968.791,9366.264
24.000,0.000,0.000,0.000,0.000,0.000,0.000,0.000,0.000,0.000,0.000,0.000,0.000,0.000,6464.676,6908.341,7342.008,7767.252,8186.139,8597.601,9003.100,9400.725
25.000,0.000,0.000,0.000,0.000,0.000,0.000,0.000,0.000,0.000,0.000,0.000,0.000,0.000,0.000,6940.486,7376.681,7802.851,8222.384,8634.167,9038.937,9437.201
26.000,0.000,0.000,0.000,0.000,0.000,0.000,0.000,0.000,0.000,0.000,0.000,0.000,0.000,0.000,6972.934,7411.693,7840.523,8260.029,8672.676,9077.304,9475.110
27.000,0.000,0.000,0.000,0.000,0.000,0.000,0.000,0.000,0.000,0.000,0.000,0.000,0.000,0.000,0.000,7447.048,7878.569,8299.676,8712.565,9118.279,9515.762
28.000,0.000,0.000,0.000,0.000,0.000,0.000,0.000,0.000,0.000,0.000,0.000,0.000,0.000,0.000,0.000,7482.752,7916.996,8340.781,8754.080,9160.630,9558.841
29.000,0.000,0.000,0.000,0.000,0.000,0.000,0.000,0.000,0.000,0.000,0.000,0.000,0.000,0.000,0.000,0.000,7955.810,8382.293,8798.344,9204.600,9603.698
30.000,0.000,0.000,0.000,0.000,0.000,0.000,0.000,0.000,0.000,0.000,0.000,0.000,0.000,0.000,0.000,0.000,0.000,8424.215,8843.054,9250.598,9650.058
